"Protein ID	RNA ID"
"1A9N-A	1A9N-Q"
"1C04-A	1C04-E"
"1C04-D	1C04-E"
"1C04-B	1C04-E"
"1E8O-A	1E8O-E"
"1FJG-S	1FJG-A"
"1FJG-F	1FJG-A"
"1FJG-T	1FJG-A"
"1FKA-S	1FKA-A"
"1FKA-F	1FKA-A"
"1FKA-E	1FKA-A"
"1G1X-C	1G1X-E"
"1G1X-A	1G1X-E"
"1G1X-A	1G1X-J"
"1HNW-S	1HNW-A"
"1HNW-F	1HNW-A"
"1HNW-T	1HNW-A"
"1HNX-S	1HNX-A"
"1HNX-F	1HNX-A"
"1HNX-T	1HNX-A"
"1HNZ-S	1HNZ-A"
"1HNZ-F	1HNZ-A"
"1HNZ-T	1HNZ-A"
"1HR0-S	1HR0-A"
"1HR0-F	1HR0-A"
"1HR0-T	1HR0-A"
"1HYS-C	1HYS-E"
"1HYS-D	1HYS-E"
"1I94-S	1I94-A"
"1I94-F	1I94-A"
"1I94-T	1I94-A"
"1IBK-S	1IBK-A"
"1IBK-F	1IBK-A"
"1IBK-T	1IBK-A"
"1IBL-S	1IBL-A"
"1IBL-F	1IBL-A"
"1IBL-T	1IBL-A"
"1IBM-S	1IBM-A"
"1IBM-F	1IBM-A"
"1IBM-T	1IBM-A"
"1J5E-S	1J5E-A"
"1J5E-F	1J5E-A"
"1J5E-T	1J5E-A"
"1JJ2-S	1JJ2-0"
"1JJ2-F	1JJ2-0"
"1JJ2-T	1JJ2-0"
"1K73-S	1K73-A"
"1K73-F	1K73-A"
"1K73-T	1K73-A"
"1K8A-S	1K8A-A"
"1K8A-F	1K8A-A"
"1K8A-T	1K8A-A"
"1K9M-S	1K9M-A"
"1K9M-F	1K9M-A"
"1K9M-T	1K9M-A"
"1KC8-S	1KC8-A"
"1KC8-F	1KC8-A"
"1KC8-T	1KC8-A"
"1KD1-S	1KD1-A"
"1KD1-F	1KD1-A"
"1KD1-T	1KD1-A"
"1KQS-S	1KQS-0"
"1KQS-F	1KQS-0"
"1KQS-T	1KQS-0"
"1M1K-S	1M1K-A"
"1M1K-F	1M1K-A"
"1M1K-T	1M1K-A"
"1M90-S	1M90-A"
"1M90-F	1M90-A"
"1M90-T	1M90-A"
"1N32-S	1N32-A"
"1N32-F	1N32-A"
"1N32-T	1N32-A"
"1N33-S	1N33-A"
"1N33-F	1N33-A"
"1N33-T	1N33-A"
"1N34-S	1N34-A"
"1N34-F	1N34-A"
"1N34-T	1N34-A"
"1N36-S	1N36-A"
"1N36-F	1N36-A"
"1N36-T	1N36-A"
"1N8R-S	1N8R-A"
"1N8R-F	1N8R-A"
"1N8R-T	1N8R-A"
"1NJI-S	1NJI-A"
"1NJI-F	1NJI-A"
"1NJI-T	1NJI-A"
"1PNS-S	1PNS-A"
"1PNS-F	1PNS-A"
"1PNS-T	1PNS-A"
"1PNX-S	1PNX-A"
"1PNX-F	1PNX-A"
"1PNX-T	1PNX-A"
"1Q7Y-S	1Q7Y-A"
"1Q7Y-F	1Q7Y-A"
"1Q7Y-T	1Q7Y-A"
"1Q81-S	1Q81-A"
"1Q81-F	1Q81-A"
"1Q81-T	1Q81-A"
"1Q82-S	1Q82-A"
"1Q82-F	1Q82-A"
"1Q82-T	1Q82-A"
"1Q86-S	1Q86-A"
"1Q86-F	1Q86-A"
"1Q86-T	1Q86-A"
"1QVF-S	1QVF-0"
"1QVF-F	1QVF-0"
"1QVF-T	1QVF-0"
"1QVG-S	1QVG-0"
"1QVG-F	1QVG-0"
"1QVG-T	1QVG-0"
"1S72-S	1S72-0"
"1S72-F	1S72-0"
"1S72-T	1S72-0"
"1VOQ-S	1VOQ-A"
"1VOQ-F	1VOQ-A"
"1VOQ-T	1VOQ-A"
"1VOR-S	1VOR-B"
"1VOR-F	1VOR-B"
"1VOR-T	1VOR-B"
"1VOS-S	1VOS-A"
"1VOS-F	1VOS-A"
"1VOS-T	1VOS-A"
"1VOU-S	1VOU-B"
"1VOU-F	1VOU-B"
"1VOU-T	1VOU-B"
"1VOV-S	1VOV-A"
"1VOV-F	1VOV-A"
"1VOV-T	1VOV-A"
"1VOW-S	1VOW-A"
"1VOW-F	1VOW-A"
"1VOW-T	1VOW-A"
"1VOX-S	1VOX-A"
"1VOX-F	1VOX-A"
"1VOX-T	1VOX-A"
"1VOY-S	1VOY-B"
"1VOY-F	1VOY-B"
"1VOY-T	1VOY-B"
"1VOZ-S	1VOZ-A"
"1VOZ-F	1VOZ-A"
"1VOZ-T	1VOZ-A"
"1VP0-S	1VP0-A"
"1VP0-F	1VP0-A"
"1VP0-T	1VP0-A"
"1VQ4-S	1VQ4-0"
"1VQ4-F	1VQ4-0"
"1VQ4-T	1VQ4-0"
"1VQ5-S	1VQ5-0"
"1VQ5-F	1VQ5-0"
"1VQ5-T	1VQ5-0"
"1VQ6-S	1VQ6-0"
"1VQ6-F	1VQ6-0"
"1VQ6-T	1VQ6-0"
"1VQ7-S	1VQ7-0"
"1VQ7-F	1VQ7-0"
"1VQ7-T	1VQ7-0"
"1VQ8-S	1VQ8-0"
"1VQ8-F	1VQ8-0"
"1VQ8-T	1VQ8-0"
"1VQ9-S	1VQ9-0"
"1VQ9-F	1VQ9-0"
"1VQ9-T	1VQ9-0"
"1VQK-S	1VQK-0"
"1VQK-F	1VQK-0"
"1VQK-T	1VQK-0"
"1VQL-S	1VQL-0"
"1VQL-F	1VQL-0"
"1VQL-T	1VQL-0"
"1VQM-S	1VQM-0"
"1VQM-F	1VQM-0"
"1VQM-T	1VQM-0"
"1VQN-S	1VQN-0"
"1VQN-F	1VQN-0"
"1VQN-T	1VQN-0"
"1VQO-S	1VQO-0"
"1VQO-F	1VQO-0"
"1VQO-T	1VQO-0"
"1VQP-S	1VQP-0"
"1VQP-F	1VQP-0"
"1VQP-T	1VQP-0"
"1VS5-S	1VS5-A"
"1VS5-F	1VS5-A"
"1VS5-T	1VS5-A"
"1VS6-S	1VS6-A"
"1VS6-F	1VS6-A"
"1VS6-T	1VS6-A"
"1VS7-S	1VS7-A"
"1VS7-F	1VS7-A"
"1VS7-T	1VS7-A"
"1VS8-S	1VS8-A"
"1VS8-F	1VS8-A"
"1VS8-T	1VS8-A"
"1VSA-S	1VSA-w"
"1VSA-F	1VSA-w"
"1VSA-T	1VSA-w"
"1VSP-S	1VSP-w"
"1VSP-F	1VSP-w"
"1VSP-T	1VSP-w"
"1VT2-S	1VT2-A"
"1VT2-F	1VT2-A"
"1VT2-T	1VT2-A"
"1W2B-S	1W2B-0"
"1W2B-F	1W2B-0"
"1W2B-T	1W2B-0"
"1XMO-S	1XMO-A"
"1XMO-F	1XMO-A"
"1XMO-T	1XMO-A"
"1XMQ-S	1XMQ-A"
"1XMQ-F	1XMQ-A"
"1XMQ-T	1XMQ-A"
"1XNQ-S	1XNQ-A"
"1XNQ-F	1XNQ-A"
"1XNQ-T	1XNQ-A"
"1XNR-S	1XNR-A"
"1XNR-F	1XNR-A"
"1XNR-T	1XNR-A"
"1YHQ-S	1YHQ-0"
"1YHQ-F	1YHQ-0"
"1YHQ-T	1YHQ-0"
"1YI2-S	1YI2-0"
"1YI2-F	1YI2-0"
"1YI2-T	1YI2-0"
"1YIJ-S	1YIJ-0"
"1YIJ-F	1YIJ-0"
"1YIJ-T	1YIJ-0"
"1YIT-S	1YIT-0"
"1YIT-F	1YIT-0"
"1YIT-T	1YIT-0"
"1YJ9-S	1YJ9-0"
"1YJ9-F	1YJ9-0"
"1YJ9-T	1YJ9-0"
"1YJN-S	1YJN-0"
"1YJN-F	1YJN-0"
"1YJN-T	1YJN-0"
"1YJW-S	1YJW-0"
"1YJW-F	1YJW-0"
"1YJW-T	1YJW-0"
"1YL3-S	1YL3-A"
"1YL3-F	1YL3-A"
"1YL3-T	1YL3-A"
"1YL4-S	1YL4-A"
"1YL4-T	1YL4-A"
"1YL4-N	1YL4-A"
"2AVY-S	2AVY-A"
"2AVY-F	2AVY-A"
"2AVY-T	2AVY-A"
"2AW4-S	2AW4-A"
"2AW4-F	2AW4-A"
"2AW4-T	2AW4-A"
"2AW7-S	2AW7-A"
"2AW7-F	2AW7-A"
"2AW7-T	2AW7-A"
"2AWB-S	2AWB-A"
"2AWB-F	2AWB-A"
"2AWB-T	2AWB-A"
"2B63-F	2B63-R"
"2B63-K	2B63-R"
"2B63-E	2B63-R"
"2B64-S	2B64-A"
"2B64-F	2B64-A"
"2B64-T	2B64-A"
"2B66-S	2B66-A"
"2B66-F	2B66-A"
"2B66-T	2B66-A"
"2B9M-S	2B9M-A"
"2B9M-F	2B9M-A"
"2B9M-T	2B9M-A"
"2B9N-S	2B9N-A"
"2B9N-F	2B9N-A"
"2B9N-T	2B9N-A"
"2B9O-S	2B9O-A"
"2B9O-F	2B9O-A"
"2B9O-T	2B9O-A"
"2B9P-S	2B9P-A"
"2B9P-F	2B9P-A"
"2B9P-T	2B9P-A"
"2D3O-S	2D3O-0"
"2D3O-W	2D3O-0"
"2D3O-1	2D3O-0"
"2D6F-A	2D6F-E"
"2E5L-S	2E5L-A"
"2E5L-F	2E5L-A"
"2E5L-T	2E5L-A"
"2F4V-S	2F4V-A"
"2F4V-F	2F4V-A"
"2F4V-T	2F4V-A"
"2HGI-S	2HGI-A"
"2HGI-F	2HGI-A"
"2HGI-T	2HGI-A"
"2HGJ-S	2HGJ-A"
"2HGJ-F	2HGJ-A"
"2HGJ-T	2HGJ-A"
"2HGP-S	2HGP-A"
"2HGP-T	2HGP-A"
"2HGP-K	2HGP-A"
"2HGQ-S	2HGQ-A"
"2HGQ-F	2HGQ-A"
"2HGQ-T	2HGQ-A"
"2HGR-S	2HGR-A"
"2HGR-F	2HGR-A"
"2HGR-T	2HGR-A"
"2HGU-S	2HGU-A"
"2HGU-F	2HGU-A"
"2HGU-T	2HGU-A"
"2HHH-S	2HHH-A"
"2HHH-F	2HHH-A"
"2HHH-T	2HHH-A"
"2I2P-S	2I2P-A"
"2I2P-F	2I2P-A"
"2I2P-T	2I2P-A"
"2I2T-S	2I2T-A"
"2I2T-F	2I2T-A"
"2I2T-T	2I2T-A"
"2I2U-S	2I2U-A"
"2I2U-F	2I2U-A"
"2I2U-T	2I2U-A"
"2I2V-S	2I2V-A"
"2I2V-F	2I2V-A"
"2I2V-T	2I2V-A"
"2J00-S	2J00-A"
"2J00-F	2J00-A"
"2J00-T	2J00-A"
"2J01-S	2J01-A"
"2J01-T	2J01-A"
"2J01-N	2J01-A"
"2J02-S	2J02-A"
"2J02-T	2J02-A"
"2J02-N	2J02-A"
"2J03-S	2J03-A"
"2J03-T	2J03-A"
"2J03-N	2J03-A"
"2O5I-E	2O5I-H"
"2O5I-D	2O5I-H"
"2O5I-A	2O5I-H"
"2O5J-E	2O5J-H"
"2O5J-D	2O5J-H"
"2O5J-A	2O5J-H"
"2OTJ-S	2OTJ-0"
"2OTJ-T	2OTJ-0"
"2OTJ-N	2OTJ-0"
"2OTL-S	2OTL-0"
"2OTL-T	2OTL-0"
"2OTL-N	2OTL-0"
"2OW8-d	2OW8-y"
"2OW8-u	2OW8-y"
"2OW8-k	2OW8-y"
"2OZB-B	2OZB-C"
"2PPB-E	2PPB-H"
"2PPB-D	2PPB-H"
"2PPB-A	2PPB-H"
"2QA4-S	2QA4-0"
"2QA4-T	2QA4-0"
"2QA4-N	2QA4-0"
"2QAL-S	2QAL-A"
"2QAL-T	2QAL-A"
"2QAL-N	2QAL-A"
"2QAM-S	2QAM-A"
"2QAM-T	2QAM-A"
"2QAM-N	2QAM-A"
"2QAN-S	2QAN-A"
"2QAN-T	2QAN-A"
"2QAN-N	2QAN-A"
"2QAO-S	2QAO-A"
"2QAO-T	2QAO-A"
"2QAO-N	2QAO-A"
"2QB9-S	2QB9-A"
"2QB9-T	2QB9-A"
"2QB9-N	2QB9-A"
"2QBA-S	2QBA-A"
"2QBA-T	2QBA-A"
"2QBA-N	2QBA-A"
"2QBB-S	2QBB-A"
"2QBB-T	2QBB-A"
"2QBB-N	2QBB-A"
"2QBC-S	2QBC-A"
"2QBC-T	2QBC-A"
"2QBC-N	2QBC-A"
"2QBD-S	2QBD-A"
"2QBD-T	2QBD-A"
"2QBD-N	2QBD-A"
"2QBE-S	2QBE-A"
"2QBE-T	2QBE-A"
"2QBE-N	2QBE-A"
"2QBF-S	2QBF-A"
"2QBF-T	2QBF-A"
"2QBF-N	2QBF-A"
"2QBG-S	2QBG-A"
"2QBG-T	2QBG-A"
"2QBG-N	2QBG-A"
"2QBH-S	2QBH-A"
"2QBH-T	2QBH-A"
"2QBH-N	2QBH-A"
"2QBI-S	2QBI-A"
"2QBI-T	2QBI-A"
"2QBI-N	2QBI-A"
"2QBJ-S	2QBJ-A"
"2QBJ-T	2QBJ-A"
"2QBJ-N	2QBJ-A"
"2QBK-S	2QBK-A"
"2QBK-T	2QBK-A"
"2QBK-N	2QBK-A"
"2QEX-S	2QEX-0"
"2QEX-T	2QEX-0"
"2QEX-N	2QEX-0"
"2QNH-d	2QNH-y"
"2QNH-j	2QNH-y"
"2QNH-u	2QNH-y"
"2QOU-S	2QOU-A"
"2QOU-T	2QOU-A"
"2QOU-N	2QOU-A"
"2QOV-S	2QOV-A"
"2QOV-T	2QOV-A"
"2QOV-N	2QOV-A"
"2QOW-S	2QOW-A"
"2QOW-T	2QOW-A"
"2QOW-N	2QOW-A"
"2QOX-S	2QOX-A"
"2QOX-T	2QOX-A"
"2QOX-N	2QOX-A"
"2QOY-S	2QOY-A"
"2QOY-T	2QOY-A"
"2QOY-N	2QOY-A"
"2QOZ-S	2QOZ-A"
"2QOZ-T	2QOZ-A"
"2QOZ-N	2QOZ-A"
"2QP0-S	2QP0-A"
"2QP0-T	2QP0-A"
"2QP0-N	2QP0-A"
"2QP1-S	2QP1-A"
"2QP1-T	2QP1-A"
"2QP1-N	2QP1-A"
"2R92-K	2R92-T"
"2R92-E	2R92-T"
"2R92-J	2R92-T"
"2R93-K	2R93-R"
"2R93-E	2R93-R"
"2R93-J	2R93-R"
"2RFK-B	2RFK-E"
"2RFK-C	2RFK-E"
"2UU9-S	2UU9-A"
"2UU9-T	2UU9-A"
"2UU9-N	2UU9-A"
"2UUA-S	2UUA-A"
"2UUA-T	2UUA-A"
"2UUA-N	2UUA-A"
"2UUB-S	2UUB-A"
"2UUB-T	2UUB-A"
"2UUB-N	2UUB-A"
"2UUC-S	2UUC-A"
"2UUC-T	2UUC-A"
"2UUC-N	2UUC-A"
"2UXB-S	2UXB-A"
"2UXB-T	2UXB-A"
"2UXB-N	2UXB-A"
"2UXC-S	2UXC-A"
"2UXC-T	2UXC-A"
"2UXC-N	2UXC-A"
"2UXD-S	2UXD-A"
"2UXD-T	2UXD-A"
"2UXD-N	2UXD-A"
"2V3C-A	2V3C-M"
"2V3C-C	2V3C-N"
"2V46-S	2V46-A"
"2V46-T	2V46-A"
"2V46-N	2V46-A"
"2V47-S	2V47-A"
"2V47-T	2V47-A"
"2V47-N	2V47-A"
"2V48-S	2V48-A"
"2V48-T	2V48-A"
"2V48-N	2V48-A"
"2V49-S	2V49-A"
"2V49-T	2V49-A"
"2V49-N	2V49-A"
"2VHM-S	2VHM-A"
"2VHM-T	2VHM-A"
"2VHM-N	2VHM-A"
"2VHN-S	2VHN-A"
"2VHN-T	2VHN-A"
"2VHN-N	2VHN-A"
"2VHO-S	2VHO-A"
"2VHO-T	2VHO-A"
"2VHO-N	2VHO-A"
"2VHP-S	2VHP-A"
"2VHP-T	2VHP-A"
"2VHP-N	2VHP-A"
"2VQE-S	2VQE-A"
"2VQE-T	2VQE-A"
"2VQE-N	2VQE-A"
"2VQF-S	2VQF-A"
"2VQF-T	2VQF-A"
"2VQF-N	2VQF-A"
"2W2H-A	2W2H-R"
"2WDG-S	2WDG-A"
"2WDG-T	2WDG-A"
"2WDG-N	2WDG-A"
"2WDH-S	2WDH-A"
"2WDH-T	2WDH-A"
"2WDH-N	2WDH-A"
"2WDI-S	2WDI-A"
"2WDI-T	2WDI-A"
"2WDI-N	2WDI-A"
"2WDJ-S	2WDJ-A"
"2WDJ-T	2WDJ-A"
"2WDJ-N	2WDJ-A"
"2WDK-S	2WDK-A"
"2WDK-T	2WDK-A"
"2WDK-N	2WDK-A"
"2WDL-S	2WDL-A"
"2WDL-T	2WDL-A"
"2WDL-N	2WDL-A"
"2WDM-S	2WDM-A"
"2WDM-T	2WDM-A"
"2WDM-N	2WDM-A"
"2WDN-S	2WDN-A"
"2WDN-T	2WDN-A"
"2WDN-N	2WDN-A"
"2WH1-S	2WH1-A"
"2WH1-T	2WH1-A"
"2WH1-N	2WH1-A"
"2WH2-S	2WH2-A"
"2WH2-T	2WH2-A"
"2WH2-N	2WH2-A"
"2WH3-S	2WH3-A"
"2WH3-T	2WH3-A"
"2WH3-N	2WH3-A"
"2WH4-S	2WH4-A"
"2WH4-T	2WH4-A"
"2WH4-N	2WH4-A"
"2WRI-S	2WRI-A"
"2WRI-T	2WRI-A"
"2WRI-N	2WRI-A"
"2WRJ-S	2WRJ-A"
"2WRJ-T	2WRJ-A"
"2WRJ-N	2WRJ-A"
"2WRK-S	2WRK-A"
"2WRK-T	2WRK-A"
"2WRK-N	2WRK-A"
"2WRL-S	2WRL-A"
"2WRL-T	2WRL-A"
"2WRL-N	2WRL-A"
"2WRN-S	2WRN-A"
"2WRN-T	2WRN-A"
"2WRN-N	2WRN-A"
"2WRO-S	2WRO-A"
"2WRO-T	2WRO-A"
"2WRO-N	2WRO-A"
"2WRQ-S	2WRQ-A"
"2WRQ-T	2WRQ-A"
"2WRQ-N	2WRQ-A"
"2WRR-S	2WRR-A"
"2WRR-T	2WRR-A"
"2WRR-N	2WRR-A"
"2X9R-S	2X9R-A"
"2X9R-T	2X9R-A"
"2X9R-N	2X9R-A"
"2X9S-S	2X9S-A"
"2X9S-T	2X9S-A"
"2X9S-N	2X9S-A"
"2X9T-S	2X9T-A"
"2X9T-T	2X9T-A"
"2X9T-N	2X9T-A"
"2X9U-S	2X9U-A"
"2X9U-T	2X9U-A"
"2X9U-N	2X9U-A"
"2XFZ-S	2XFZ-A"
"2XFZ-T	2XFZ-A"
"2XFZ-N	2XFZ-A"
"2XG0-S	2XG0-A"
"2XG0-T	2XG0-A"
"2XG0-N	2XG0-A"
"2XG1-S	2XG1-A"
"2XG1-T	2XG1-A"
"2XG1-N	2XG1-A"
"2XG2-S	2XG2-A"
"2XG2-T	2XG2-A"
"2XG2-N	2XG2-A"
"2XQD-S	2XQD-A"
"2XQD-T	2XQD-A"
"2XQD-N	2XQD-A"
"2XQE-S	2XQE-A"
"2XQE-T	2XQE-A"
"2XQE-N	2XQE-A"
"2XXA-B	2XXA-G"
"2XZM-S	2XZM-A"
"2XZM-T	2XZM-A"
"2XZM-N	2XZM-A"
"2XZN-S	2XZN-A"
"2XZN-T	2XZN-A"
"2XZN-N	2XZN-A"
"2Y0U-S	2Y0U-A"
"2Y0U-T	2Y0U-A"
"2Y0U-N	2Y0U-A"
"2Y0V-S	2Y0V-A"
"2Y0V-T	2Y0V-A"
"2Y0V-N	2Y0V-A"
"2Y0W-S	2Y0W-A"
"2Y0W-T	2Y0W-A"
"2Y0W-N	2Y0W-A"
"2Y0X-S	2Y0X-A"
"2Y0X-T	2Y0X-A"
"2Y0X-N	2Y0X-A"
"2Y0Y-S	2Y0Y-A"
"2Y0Y-T	2Y0Y-A"
"2Y0Y-N	2Y0Y-A"
"2Y0Z-S	2Y0Z-A"
"2Y0Z-T	2Y0Z-A"
"2Y0Z-N	2Y0Z-A"
"2Y10-S	2Y10-A"
"2Y10-T	2Y10-A"
"2Y10-N	2Y10-A"
"2Y11-S	2Y11-A"
"2Y11-T	2Y11-A"
"2Y11-N	2Y11-A"
"2Y12-S	2Y12-A"
"2Y12-T	2Y12-A"
"2Y12-N	2Y12-A"
"2Y13-S	2Y13-A"
"2Y13-T	2Y13-A"
"2Y13-N	2Y13-A"
"2Y14-S	2Y14-A"
"2Y14-T	2Y14-A"
"2Y14-N	2Y14-A"
"2Y15-S	2Y15-A"
"2Y15-T	2Y15-A"
"2Y15-N	2Y15-A"
"2Y16-S	2Y16-A"
"2Y16-T	2Y16-A"
"2Y16-N	2Y16-A"
"2Y17-S	2Y17-A"
"2Y17-T	2Y17-A"
"2Y17-N	2Y17-A"
"2Y18-S	2Y18-A"
"2Y18-T	2Y18-A"
"2Y18-N	2Y18-A"
"2Y19-S	2Y19-A"
"2Y19-T	2Y19-A"
"2Y19-N	2Y19-A"
"2Y9A-E	2Y9A-V"
"2Y9A-B	2Y9A-V"
"2Y9A-F	2Y9A-V"
"2Y9B-E	2Y9B-V"
"2Y9B-B	2Y9B-V"
"2Y9B-F	2Y9B-V"
"2Y9C-B	2Y9C-V"
"2Y9C-F	2Y9C-V"
"2Y9C-A	2Y9C-V"
"2Y9D-B	2Y9D-V"
"2Y9D-F	2Y9D-V"
"2Y9D-C	2Y9D-V"
"2Z4K-S	2Z4K-A"
"2Z4K-T	2Z4K-A"
"2Z4K-N	2Z4K-A"
"2Z4L-S	2Z4L-A"
"2Z4L-T	2Z4L-A"
"2Z4L-N	2Z4L-A"
"2Z4M-S	2Z4M-A"
"2Z4M-T	2Z4M-A"
"2Z4M-N	2Z4M-A"
"2Z4N-S	2Z4N-A"
"2Z4N-T	2Z4N-A"
"2Z4N-N	2Z4N-A"
"2ZJP-S	2ZJP-X"
"2ZJP-N	2ZJP-X"
"2ZJP-K	2ZJP-X"
"2ZJQ-S	2ZJQ-X"
"2ZJQ-N	2ZJQ-X"
"2ZJQ-K	2ZJQ-X"
"2ZJR-S	2ZJR-X"
"2ZJR-N	2ZJR-X"
"2ZJR-K	2ZJR-X"
"2ZM6-S	2ZM6-A"
"2ZM6-T	2ZM6-A"
"2ZM6-N	2ZM6-A"
"3A6P-C	3A6P-E"
"3AL0-B	3AL0-E"
"3AL0-A	3AL0-E"
"3AOH-E	3AOH-Q"
"3AOH-C	3AOH-Q"
"3AOH-A	3AOH-Q"
"3AOI-E	3AOI-Q"
"3AOI-D	3AOI-Q"
"3AOI-A	3AOI-Q"
"3CC2-S	3CC2-0"
"3CC2-T	3CC2-0"
"3CC2-N	3CC2-0"
"3CC4-S	3CC4-0"
"3CC4-T	3CC4-0"
"3CC4-N	3CC4-0"
"3CC7-S	3CC7-0"
"3CC7-T	3CC7-0"
"3CC7-N	3CC7-0"
"3CCE-S	3CCE-0"
"3CCE-T	3CCE-0"
"3CCE-N	3CCE-0"
"3CCJ-S	3CCJ-0"
"3CCJ-T	3CCJ-0"
"3CCJ-N	3CCJ-0"
"3CCL-S	3CCL-0"
"3CCL-T	3CCL-0"
"3CCL-N	3CCL-0"
"3CCM-S	3CCM-0"
"3CCM-T	3CCM-0"
"3CCM-N	3CCM-0"
"3CCQ-S	3CCQ-0"
"3CCQ-T	3CCQ-0"
"3CCQ-N	3CCQ-0"
"3CCR-S	3CCR-0"
"3CCR-T	3CCR-0"
"3CCR-N	3CCR-0"
"3CCS-S	3CCS-0"
"3CCS-T	3CCS-0"
"3CCS-N	3CCS-0"
"3CCU-S	3CCU-0"
"3CCU-T	3CCU-0"
"3CCU-N	3CCU-0"
"3CCV-S	3CCV-0"
"3CCV-T	3CCV-0"
"3CCV-N	3CCV-0"
"3CD6-S	3CD6-0"
"3CD6-T	3CD6-0"
"3CD6-N	3CD6-0"
"3CF5-S	3CF5-X"
"3CF5-N	3CF5-X"
"3CF5-K	3CF5-X"
"3CMA-S	3CMA-0"
"3CMA-T	3CMA-0"
"3CMA-N	3CMA-0"
"3CME-S	3CME-0"
"3CME-T	3CME-0"
"3CME-N	3CME-0"
"3CPW-S	3CPW-0"
"3CPW-T	3CPW-0"
"3CPW-N	3CPW-0"
"3CXC-S	3CXC-0"
"3CXC-T	3CXC-0"
"3CXC-N	3CXC-0"
"3D5A-S	3D5A-A"
"3D5A-T	3D5A-A"
"3D5A-N	3D5A-A"
"3D5B-S	3D5B-A"
"3D5B-T	3D5B-A"
"3D5B-N	3D5B-A"
"3D5C-S	3D5C-A"
"3D5C-T	3D5C-A"
"3D5C-N	3D5C-A"
"3D5D-S	3D5D-A"
"3D5D-T	3D5D-A"
"3D5D-N	3D5D-A"
"3DF1-S	3DF1-A"
"3DF1-T	3DF1-A"
"3DF1-N	3DF1-A"
"3DF2-S	3DF2-A"
"3DF2-T	3DF2-A"
"3DF2-N	3DF2-A"
"3DF3-S	3DF3-A"
"3DF3-T	3DF3-A"
"3DF3-N	3DF3-A"
"3DF4-S	3DF4-A"
"3DF4-T	3DF4-A"
"3DF4-N	3DF4-A"
"3DLL-S	3DLL-X"
"3DLL-T	3DLL-X"
"3DLL-N	3DLL-X"
"3F1E-S	3F1E-A"
"3F1E-T	3F1E-A"
"3F1E-N	3F1E-A"
"3F1F-S	3F1F-A"
"3F1F-T	3F1F-A"
"3F1F-N	3F1F-A"
"3F1G-S	3F1G-A"
"3F1G-T	3F1G-A"
"3F1G-N	3F1G-A"
"3F1H-S	3F1H-A"
"3F1H-T	3F1H-A"
"3F1H-N	3F1H-A"
"3G4S-S	3G4S-0"
"3G4S-T	3G4S-0"
"3G4S-N	3G4S-0"
"3G6E-S	3G6E-0"
"3G6E-T	3G6E-0"
"3G6E-N	3G6E-0"
"3G71-S	3G71-0"
"3G71-T	3G71-0"
"3G71-N	3G71-0"
"3GTO-K	3GTO-R"
"3GTO-E	3GTO-R"
"3GTO-J	3GTO-R"
"3GTP-K	3GTP-R"
"3GTP-E	3GTP-R"
"3GTP-J	3GTP-R"
"3H3V-K	3H3V-P"
"3H3V-E	3H3V-P"
"3H3V-J	3H3V-P"
"3HJW-B	3HJW-D"
"3HJW-C	3HJW-D"
"3HOU-K	3HOU-3"
"3HOU-E	3HOU-3"
"3HOU-J	3HOU-3"
"3HOV-K	3HOV-P"
"3HOV-E	3HOV-P"
"3HOV-J	3HOV-P"
"3HOW-K	3HOW-3"
"3HOW-E	3HOW-3"
"3HOW-J	3HOW-3"
"3HOX-K	3HOX-P"
"3HOX-E	3HOX-P"
"3HOX-J	3HOX-P"
"3HOY-K	3HOY-P"
"3HOY-E	3HOY-P"
"3HOY-J	3HOY-P"
"3HOZ-K	3HOZ-P"
"3HOZ-E	3HOZ-P"
"3HOZ-J	3HOZ-P"
"3HUW-S	3HUW-A"
"3HUW-T	3HUW-A"
"3HUW-N	3HUW-A"
"3HUX-S	3HUX-A"
"3HUX-T	3HUX-A"
"3HUX-N	3HUX-A"
"3HUY-S	3HUY-A"
"3HUY-T	3HUY-A"
"3HUY-N	3HUY-A"
"3HUZ-S	3HUZ-A"
"3HUZ-T	3HUZ-A"
"3HUZ-N	3HUZ-A"
"3I1M-S	3I1M-A"
"3I1M-T	3I1M-A"
"3I1M-N	3I1M-A"
"3I1N-S	3I1N-A"
"3I1N-T	3I1N-A"
"3I1N-N	3I1N-A"
"3I1O-S	3I1O-A"
"3I1O-T	3I1O-A"
"3I1O-N	3I1O-A"
"3I1P-S	3I1P-A"
"3I1P-T	3I1P-A"
"3I1P-N	3I1P-A"
"3I1Q-S	3I1Q-A"
"3I1Q-T	3I1Q-A"
"3I1Q-N	3I1Q-A"
"3I1R-S	3I1R-A"
"3I1R-T	3I1R-A"
"3I1R-N	3I1R-A"
"3I1S-S	3I1S-A"
"3I1S-T	3I1S-A"
"3I1S-N	3I1S-A"
"3I1T-S	3I1T-A"
"3I1T-T	3I1T-A"
"3I1T-N	3I1T-A"
"3I1Z-S	3I1Z-A"
"3I1Z-T	3I1Z-A"
"3I1Z-N	3I1Z-A"
"3I20-S	3I20-A"
"3I20-T	3I20-A"
"3I20-N	3I20-A"
"3I21-S	3I21-A"
"3I21-T	3I21-A"
"3I21-N	3I21-A"
"3I22-S	3I22-A"
"3I22-T	3I22-A"
"3I22-N	3I22-A"
"3I4M-K	3I4M-P"
"3I4M-E	3I4M-P"
"3I4M-J	3I4M-P"
"3I4N-K	3I4N-P"
"3I4N-E	3I4N-P"
"3I4N-J	3I4N-P"
"3I55-S	3I55-0"
"3I55-T	3I55-0"
"3I55-N	3I55-0"
"3I56-S	3I56-0"
"3I56-T	3I56-0"
"3I56-N	3I56-0"
"3I8F-S	3I8F-A"
"3I8F-T	3I8F-A"
"3I8F-N	3I8F-A"
"3I8G-S	3I8G-A"
"3I8G-T	3I8G-A"
"3I8G-N	3I8G-A"
"3I8H-S	3I8H-A"
"3I8H-T	3I8H-A"
"3I8H-K	3I8H-A"
"3I8I-S	3I8I-A"
"3I8I-T	3I8I-A"
"3I8I-N	3I8I-A"
"3I9B-S	3I9B-A"
"3I9B-T	3I9B-A"
"3I9B-K	3I9B-A"
"3I9C-S	3I9C-A"
"3I9C-T	3I9C-A"
"3I9C-N	3I9C-A"
"3I9D-S	3I9D-A"
"3I9D-T	3I9D-A"
"3I9D-K	3I9D-A"
"3I9E-S	3I9E-A"
"3I9E-T	3I9E-A"
"3I9E-N	3I9E-A"
"3ICQ-B	3ICQ-D"
"3KFU-E	3KFU-L"
"3KFU-G	3KFU-L"
"3KFU-A	3KFU-L"
"3KIQ-d	3KIQ-a"
"3KIQ-j	3KIQ-a"
"3KIQ-y	3KIQ-a"
"3KIR-S	3KIR-A"
"3KIR-T	3KIR-A"
"3KIR-N	3KIR-A"
"3KIS-d	3KIS-a"
"3KIS-j	3KIS-a"
"3KIS-u	3KIS-a"
"3KIT-S	3KIT-A"
"3KIT-T	3KIT-A"
"3KIT-N	3KIT-A"
"3KIU-j	3KIU-a"
"3KIU-y	3KIU-a"
"3KIU-u	3KIU-a"
"3KIW-S	3KIW-A"
"3KIW-T	3KIW-A"
"3KIW-N	3KIW-A"
"3KIX-j	3KIX-a"
"3KIX-y	3KIX-a"
"3KIX-u	3KIX-a"
"3KIY-S	3KIY-A"
"3KIY-T	3KIY-A"
"3KIY-N	3KIY-A"
"3KNH-S	3KNH-A"
"3KNH-T	3KNH-A"
"3KNH-N	3KNH-A"
"3KNI-S	3KNI-A"
"3KNI-T	3KNI-A"
"3KNI-N	3KNI-A"
"3KNJ-S	3KNJ-A"
"3KNJ-T	3KNJ-A"
"3KNJ-N	3KNJ-A"
"3KNK-S	3KNK-A"
"3KNK-T	3KNK-A"
"3KNK-N	3KNK-A"
"3KNL-S	3KNL-A"
"3KNL-T	3KNL-A"
"3KNL-N	3KNL-A"
"3KNM-S	3KNM-A"
"3KNM-T	3KNM-A"
"3KNM-N	3KNM-A"
"3KNN-S	3KNN-A"
"3KNN-T	3KNN-A"
"3KNN-N	3KNN-A"
"3KNO-S	3KNO-A"
"3KNO-T	3KNO-A"
"3KNO-N	3KNO-A"
"3LWO-B	3LWO-D"
"3LWO-C	3LWO-D"
"3LWP-B	3LWP-D"
"3LWP-C	3LWP-D"
"3LWQ-B	3LWQ-D"
"3LWQ-C	3LWQ-D"
"3LWR-B	3LWR-D"
"3LWR-C	3LWR-D"
"3LWV-B	3LWV-D"
"3LWV-C	3LWV-D"
"3MR8-S	3MR8-A"
"3MR8-T	3MR8-A"
"3MR8-N	3MR8-A"
"3MRZ-S	3MRZ-A"
"3MRZ-T	3MRZ-A"
"3MRZ-N	3MRZ-A"
"3MS0-S	3MS0-A"
"3MS0-T	3MS0-A"
"3MS0-N	3MS0-A"
"3MS1-S	3MS1-A"
"3MS1-T	3MS1-A"
"3MS1-N	3MS1-A"
"3NMU-F	3NMU-D"
"3NMU-C	3NMU-D"
"3NVI-B	3NVI-E"
"3NVK-I	3NVK-K"
"3NVK-A	3NVK-K"
"3O2Z-S	3O2Z-1"
"3O2Z-T	3O2Z-1"
"3O2Z-N	3O2Z-1"
"3O30-S	3O30-1"
"3O30-T	3O30-1"
"3O30-N	3O30-1"
"3O58-S	3O58-1"
"3O58-T	3O58-1"
"3O58-a	3O58-1"
"3O5H-S	3O5H-1"
"3O5H-T	3O5H-1"
"3O5H-a	3O5H-1"
"3OAQ-S	3OAQ-A"
"3OAQ-T	3OAQ-A"
"3OAQ-N	3OAQ-A"
"3OAR-S	3OAR-A"
"3OAR-T	3OAR-A"
"3OAR-N	3OAR-A"
"3OAS-S	3OAS-A"
"3OAS-T	3OAS-A"
"3OAS-N	3OAS-A"
"3OAT-S	3OAT-A"
"3OAT-T	3OAT-A"
"3OAT-N	3OAT-A"
"3OFA-S	3OFA-A"
"3OFA-T	3OFA-A"
"3OFA-N	3OFA-A"
"3OFB-S	3OFB-A"
"3OFB-T	3OFB-A"
"3OFB-N	3OFB-A"
"3OFC-S	3OFC-A"
"3OFC-T	3OFC-A"
"3OFC-N	3OFC-A"
"3OFD-S	3OFD-A"
"3OFD-T	3OFD-A"
"3OFD-N	3OFD-A"
"3OFO-S	3OFO-A"
"3OFO-T	3OFO-A"
"3OFO-N	3OFO-A"
"3OFP-S	3OFP-A"
"3OFP-T	3OFP-A"
"3OFP-N	3OFP-A"
"3OFQ-S	3OFQ-A"
"3OFQ-T	3OFQ-A"
"3OFQ-N	3OFQ-A"
"3OFR-S	3OFR-A"
"3OFR-T	3OFR-A"
"3OFR-N	3OFR-A"
"3OFX-S	3OFX-A"
"3OFX-T	3OFX-A"
"3OFX-N	3OFX-A"
"3OFY-S	3OFY-A"
"3OFY-T	3OFY-A"
"3OFY-N	3OFY-A"
"3OFZ-S	3OFZ-A"
"3OFZ-T	3OFZ-A"
"3OFZ-N	3OFZ-A"
"3OG0-S	3OG0-A"
"3OG0-T	3OG0-A"
"3OG0-N	3OG0-A"
"3OGE-S	3OGE-A"
"3OGE-T	3OGE-A"
"3OGE-N	3OGE-A"
"3OGY-S	3OGY-A"
"3OGY-T	3OGY-A"
"3OGY-N	3OGY-A"
"3OH5-S	3OH5-A"
"3OH5-T	3OH5-A"
"3OH5-N	3OH5-A"
"3OH7-S	3OH7-A"
"3OH7-T	3OH7-A"
"3OH7-N	3OH7-A"
"3OHC-S	3OHC-A"
"3OHC-T	3OHC-A"
"3OHC-N	3OHC-A"
"3OHD-S	3OHD-A"
"3OHD-T	3OHD-A"
"3OHD-N	3OHD-A"
"3OHJ-S	3OHJ-A"
"3OHJ-T	3OHJ-A"
"3OHJ-N	3OHJ-A"
"3OHK-S	3OHK-A"
"3OHK-T	3OHK-A"
"3OHK-N	3OHK-A"
"3OHY-S	3OHY-A"
"3OHY-T	3OHY-A"
"3OHY-N	3OHY-A"
"3OHZ-S	3OHZ-A"
"3OHZ-T	3OHZ-A"
"3OHZ-N	3OHZ-A"
"3OI0-S	3OI0-A"
"3OI0-T	3OI0-A"
"3OI0-N	3OI0-A"
"3OI1-S	3OI1-A"
"3OI1-T	3OI1-A"
"3OI1-N	3OI1-A"
"3OI2-S	3OI2-A"
"3OI2-T	3OI2-A"
"3OI2-N	3OI2-A"
"3OI3-S	3OI3-A"
"3OI3-T	3OI3-A"
"3OI3-N	3OI3-A"
"3OI4-S	3OI4-A"
"3OI4-T	3OI4-A"
"3OI4-N	3OI4-A"
"3OI5-S	3OI5-A"
"3OI5-T	3OI5-A"
"3OI5-N	3OI5-A"
"3OR9-S	3OR9-A"
"3OR9-T	3OR9-A"
"3OR9-N	3OR9-A"
"3ORA-S	3ORA-A"
"3ORA-T	3ORA-A"
"3ORA-N	3ORA-A"
"3ORB-S	3ORB-A"
"3ORB-T	3ORB-A"
"3ORB-N	3ORB-A"
"3OTO-S	3OTO-A"
"3OTO-T	3OTO-A"
"3OTO-N	3OTO-A"
"3PIO-S	3PIO-X"
"3PIO-N	3PIO-X"
"3PIO-K	3PIO-X"
"3PIP-S	3PIP-X"
"3PIP-N	3PIP-X"
"3PIP-K	3PIP-X"
"3PLA-E	3PLA-H"
"3PLA-C	3PLA-H"
"3PLA-C	3PLA-N"
"3PO2-K	3PO2-P"
"3PO2-E	3PO2-P"
"3PO2-J	3PO2-P"
"3PYN-S	3PYN-A"
"3PYN-T	3PYN-A"
"3PYN-N	3PYN-A"
"3PYO-S	3PYO-A"
"3PYO-T	3PYO-A"
"3PYO-N	3PYO-A"
"3PYQ-S	3PYQ-A"
"3PYQ-T	3PYQ-A"
"3PYQ-N	3PYQ-A"
"3PYR-S	3PYR-A"
"3PYR-T	3PYR-A"
"3PYR-N	3PYR-A"
"3PYS-S	3PYS-A"
"3PYS-T	3PYS-A"
"3PYS-N	3PYS-A"
"3PYT-S	3PYT-A"
"3PYT-T	3PYT-A"
"3PYT-N	3PYT-A"
"3PYU-S	3PYU-A"
"3PYU-T	3PYU-A"
"3PYU-N	3PYU-A"
"3PYV-S	3PYV-A"
"3PYV-T	3PYV-A"
"3PYV-N	3PYV-A"
"3R8S-S	3R8S-A"
"3R8S-T	3R8S-A"
"3R8S-N	3R8S-A"
"3R8T-S	3R8T-A"
"3R8T-T	3R8T-A"
"3R8T-N	3R8T-A"
"3SFS-S	3SFS-A"
"3SFS-T	3SFS-A"
"3SFS-N	3SFS-A"
"3SGF-S	3SGF-A"
"3SGF-T	3SGF-A"
"3SGF-N	3SGF-A"
"3SIU-B	3SIU-C"
"3SIV-E	3SIV-F"
"3SIV-D	3SIV-F"
"3T1H-S	3T1H-A"
"3T1H-T	3T1H-A"
"3T1H-N	3T1H-A"
"3T1Y-S	3T1Y-A"
"3T1Y-T	3T1Y-A"
"3T1Y-N	3T1Y-A"
"3TVE-S	3TVE-A"
"3TVE-T	3TVE-A"
"3TVE-N	3TVE-A"
"3TVF-S	3TVF-A"
"3TVF-T	3TVF-A"
"3TVF-N	3TVF-A"
"3TVG-S	3TVG-A"
"3TVG-T	3TVG-A"
"3TVG-N	3TVG-A"
"3TVH-S	3TVH-A"
"3TVH-T	3TVH-A"
"3TVH-N	3TVH-A"
"3UOQ-S	3UOQ-A"
"3UOQ-T	3UOQ-A"
"3UOQ-N	3UOQ-A"
"3UOS-S	3UOS-A"
"3UOS-T	3UOS-A"
"3UOS-N	3UOS-A"
"3UXQ-S	3UXQ-A"
"3UXQ-T	3UXQ-A"
"3UXQ-N	3UXQ-A"
"3UXR-S	3UXR-A"
"3UXR-T	3UXR-A"
"3UXR-N	3UXR-A"
"3UXS-S	3UXS-A"
"3UXS-T	3UXS-A"
"3UXS-N	3UXS-A"
"3UXT-S	3UXT-A"
"3UXT-T	3UXT-A"
"3UXT-N	3UXT-A"
"3UYD-S	3UYD-A"
"3UYD-T	3UYD-A"
"3UYD-K	3UYD-A"
"3UYE-S	3UYE-A"
"3UYE-T	3UYE-A"
"3UYE-N	3UYE-A"
"3UYF-S	3UYF-A"
"3UYF-T	3UYF-A"
"3UYF-N	3UYF-A"
"3UYG-S	3UYG-A"
"3UYG-T	3UYG-A"
"3UYG-N	3UYG-A"
"3UZ1-S	3UZ1-A"
"3UZ1-T	3UZ1-A"
"3UZ1-N	3UZ1-A"
"3UZ2-S	3UZ2-A"
"3UZ2-T	3UZ2-A"
"3UZ2-N	3UZ2-A"
"3UZ3-S	3UZ3-A"
"3UZ3-T	3UZ3-A"
"3UZ3-N	3UZ3-A"
"3UZ4-S	3UZ4-A"
"3UZ4-T	3UZ4-A"
"3UZ4-N	3UZ4-A"
"3UZ6-S	3UZ6-A"
"3UZ6-T	3UZ6-A"
"3UZ6-N	3UZ6-A"
"3UZ7-S	3UZ7-A"
"3UZ7-T	3UZ7-A"
"3UZ7-N	3UZ7-A"
"3UZ8-S	3UZ8-A"
"3UZ8-T	3UZ8-A"
"3UZ8-N	3UZ8-A"
"3UZ9-S	3UZ9-A"
"3UZ9-T	3UZ9-A"
"3UZ9-N	3UZ9-A"
"3UZF-S	3UZF-A"
"3UZF-T	3UZF-A"
"3UZF-N	3UZF-A"
"3UZG-S	3UZG-A"
"3UZG-T	3UZG-A"
"3UZG-N	3UZG-A"
"3UZH-S	3UZH-A"
"3UZH-T	3UZH-A"
"3UZH-N	3UZH-A"
"3UZI-S	3UZI-A"
"3UZI-T	3UZI-A"
"3UZI-N	3UZI-A"
"3UZK-S	3UZK-A"
"3UZK-T	3UZK-A"
"3UZK-N	3UZK-A"
"3UZL-S	3UZL-A"
"3UZL-T	3UZL-A"
"3UZL-N	3UZL-A"
"3UZM-S	3UZM-A"
"3UZM-T	3UZM-A"
"3UZM-N	3UZM-A"
"3UZN-S	3UZN-A"
"3UZN-T	3UZN-A"
"3UZN-N	3UZN-A"
"3UZS-B	3UZS-C"
"3UZS-G	3UZS-C"
"3V22-S	3V22-A"
"3V22-T	3V22-A"
"3V22-N	3V22-A"
"3V23-S	3V23-A"
"3V23-T	3V23-A"
"3V23-N	3V23-A"
"3V24-S	3V24-A"
"3V24-T	3V24-A"
"3V24-N	3V24-A"
"3V25-S	3V25-A"
"3V25-T	3V25-A"
"3V25-N	3V25-A"
"3V26-S	3V26-A"
"3V26-T	3V26-A"
"3V26-N	3V26-A"
"3V27-S	3V27-A"
"3V27-T	3V27-A"
"3V27-N	3V27-A"
"3V28-S	3V28-A"
"3V28-T	3V28-A"
"3V28-N	3V28-A"
"3V29-S	3V29-A"
"3V29-T	3V29-A"
"3V29-N	3V29-A"
"3V2C-S	3V2C-A"
"3V2C-T	3V2C-A"
"3V2C-N	3V2C-A"
"3V2D-S	3V2D-A"
"3V2D-T	3V2D-A"
"3V2D-N	3V2D-A"
"3V2E-S	3V2E-A"
"3V2E-T	3V2E-A"
"3V2E-N	3V2E-A"
"3V2F-S	3V2F-A"
"3V2F-T	3V2F-A"
"3V2F-N	3V2F-A"
"3ZVO-S	3ZVO-A"
"3ZVO-T	3ZVO-A"
"3ZVO-N	3ZVO-A"
"3ZVP-S	3ZVP-A"
"3ZVP-T	3ZVP-A"
"3ZVP-N	3ZVP-A"
"4A17-S	4A17-2"
"4A17-T	4A17-2"
"4A17-N	4A17-2"
"4A18-T	4A18-1"
"4A18-N	4A18-1"
"4A18-K	4A18-1"
"4A19-T	4A19-1"
"4A19-N	4A19-1"
"4A19-K	4A19-1"
"4A1A-S	4A1A-2"
"4A1A-T	4A1A-2"
"4A1A-N	4A1A-2"
"4A1B-T	4A1B-1"
"4A1B-N	4A1B-1"
"4A1B-K	4A1B-1"
"4A1C-S	4A1C-2"
"4A1C-T	4A1C-2"
"4A1C-N	4A1C-2"
"4A1D-T	4A1D-1"
"4A1D-N	4A1D-1"
"4A1D-K	4A1D-1"
"4A1E-S	4A1E-2"
"4A1E-T	4A1E-2"
"4A1E-N	4A1E-2"
"4ABR-S	4ABR-A"
"4ABR-T	4ABR-A"
"4ABR-N	4ABR-A"
"4ABS-S	4ABS-A"
"4ABS-T	4ABS-A"
"4ABS-N	4ABS-A"
"4AQY-S	4AQY-A"
"4AQY-T	4AQY-A"
"4AQY-N	4AQY-A"
"4DH9-S	4DH9-A"
"4DH9-T	4DH9-A"
"4DH9-N	4DH9-A"
"4DHA-S	4DHA-A"
"4DHA-T	4DHA-A"
"4DHA-N	4DHA-A"
"4DHB-S	4DHB-A"
"4DHB-T	4DHB-A"
"4DHB-N	4DHB-A"
"4DHC-S	4DHC-A"
"4DHC-T	4DHC-A"
"4DHC-N	4DHC-A"
"4DR1-S	4DR1-A"
"4DR1-T	4DR1-A"
"4DR1-N	4DR1-A"
"4DR2-S	4DR2-A"
"4DR2-T	4DR2-A"
"4DR2-N	4DR2-A"
"4DR3-S	4DR3-A"
"4DR3-T	4DR3-A"
"4DR3-N	4DR3-A"
"4DR4-S	4DR4-A"
"4DR4-T	4DR4-A"
"4DR4-N	4DR4-A"
"4DR5-S	4DR5-A"
"4DR5-T	4DR5-A"
"4DR5-N	4DR5-A"
"4DR6-S	4DR6-A"
"4DR6-T	4DR6-A"
"4DR6-N	4DR6-A"
"4DR7-S	4DR7-A"
"4DR7-T	4DR7-A"
"4DR7-N	4DR7-A"
"4DUY-S	4DUY-A"
"4DUY-T	4DUY-A"
"4DUY-N	4DUY-A"
"4DUZ-S	4DUZ-A"
"4DUZ-T	4DUZ-A"
"4DUZ-N	4DUZ-A"
"4DV0-S	4DV0-A"
"4DV0-T	4DV0-A"
"4DV0-N	4DV0-A"
"4DV1-S	4DV1-A"
"4DV1-T	4DV1-A"
"4DV1-N	4DV1-A"
"4DV2-S	4DV2-A"
"4DV2-T	4DV2-A"
"4DV2-N	4DV2-A"
"4DV3-S	4DV3-A"
"4DV3-T	4DV3-A"
"4DV3-N	4DV3-A"
"4DV4-S	4DV4-A"
"4DV4-T	4DV4-A"
"4DV4-N	4DV4-A"
"4DV5-S	4DV5-A"
"4DV5-T	4DV5-A"
"4DV5-N	4DV5-A"
"4DV6-S	4DV6-A"
"4DV6-T	4DV6-A"
"4DV6-N	4DV6-A"
"4DV7-S	4DV7-A"
"4DV7-T	4DV7-A"
"4DV7-N	4DV7-A"
"4G5K-S	4G5K-A"
"4G5K-T	4G5K-A"
"4G5K-N	4G5K-A"
"4G5L-S	4G5L-A"
"4G5L-T	4G5L-A"
"4G5L-N	4G5L-A"
"4G5M-S	4G5M-A"
"4G5M-T	4G5M-A"
"4G5M-N	4G5M-A"
"4G5N-S	4G5N-A"
"4G5N-T	4G5N-A"
"4G5N-N	4G5N-A"
"4G5T-S	4G5T-A"
"4G5T-T	4G5T-A"
"4G5T-N	4G5T-A"
"4G5U-S	4G5U-A"
"4G5U-T	4G5U-A"
"4G5U-N	4G5U-A"
"4G5V-S	4G5V-A"
"4G5V-T	4G5V-A"
"4G5V-N	4G5V-A"
"4G5W-S	4G5W-A"
"4G5W-T	4G5W-A"
"4G5W-N	4G5W-A"
"4GAQ-S	4GAQ-A"
"4GAQ-T	4GAQ-A"
"4GAQ-N	4GAQ-A"
"4GAR-S	4GAR-A"
"4GAR-T	4GAR-A"
"4GAR-N	4GAR-A"
"4GAS-S	4GAS-A"
"4GAS-T	4GAS-A"
"4GAS-N	4GAS-A"
"4GAU-S	4GAU-A"
"4GAU-T	4GAU-A"
"4GAU-N	4GAU-A"
"4GD1-S	4GD1-A"
"4GD1-T	4GD1-A"
"4GD1-N	4GD1-A"
"4GD2-S	4GD2-A"
"4GD2-T	4GD2-A"
"4GD2-N	4GD2-A"
"4GZY-E	4GZY-R"
"4GZY-D	4GZY-R"
"4GZY-A	4GZY-R"
"4GZZ-E	4GZZ-R"
"4GZZ-D	4GZZ-R"
"4GZZ-A	4GZZ-R"
"4IFD-K	4IFD-R"
"4IFD-E	4IFD-R"
"4IFD-B	4IFD-R"
